{
  "hash": "98ac8055",
  "configHash": "e30f21e2",
  "lockfileHash": "8444e7e0",
  "browserHash": "11617946",
  "optimized": {
    "@angular/cdk/bidi": {
      "src": "../../../../../../node_modules/@angular/cdk/fesm2022/bidi.mjs",
      "file": "@angular_cdk_bidi.js",
      "fileHash": "83c1f570",
      "needsInterop": false
    },
    "@angular/cdk/scrolling": {
      "src": "../../../../../../node_modules/@angular/cdk/fesm2022/scrolling.mjs",
      "file": "@angular_cdk_scrolling.js",
      "fileHash": "9c6c04e2",
      "needsInterop": false
    },
    "@angular/common": {
      "src": "../../../../../../node_modules/@angular/common/fesm2022/common.mjs",
      "file": "@angular_common.js",
      "fileHash": "9cd6a8b4",
      "needsInterop": false
    },
    "@angular/common/http": {
      "src": "../../../../../../node_modules/@angular/common/fesm2022/http.mjs",
      "file": "@angular_common_http.js",
      "fileHash": "dcfa4ec8",
      "needsInterop": false
    },
    "@angular/core": {
      "src": "../../../../../../node_modules/@angular/core/fesm2022/core.mjs",
      "file": "@angular_core.js",
      "fileHash": "7f54f907",
      "needsInterop": false
    },
    "@angular/material/button": {
      "src": "../../../../../../node_modules/@angular/material/fesm2022/button.mjs",
      "file": "@angular_material_button.js",
      "fileHash": "301c80dc",
      "needsInterop": false
    },
    "@angular/material/card": {
      "src": "../../../../../../node_modules/@angular/material/fesm2022/card.mjs",
      "file": "@angular_material_card.js",
      "fileHash": "3e47b2af",
      "needsInterop": false
    },
    "@angular/material/form-field": {
      "src": "../../../../../../node_modules/@angular/material/fesm2022/form-field.mjs",
      "file": "@angular_material_form-field.js",
      "fileHash": "fdc996e5",
      "needsInterop": false
    },
    "@angular/material/icon": {
      "src": "../../../../../../node_modules/@angular/material/fesm2022/icon.mjs",
      "file": "@angular_material_icon.js",
      "fileHash": "71f783a0",
      "needsInterop": false
    },
    "@angular/material/select": {
      "src": "../../../../../../node_modules/@angular/material/fesm2022/select.mjs",
      "file": "@angular_material_select.js",
      "fileHash": "29e91b6a",
      "needsInterop": false
    },
    "@angular/material/table": {
      "src": "../../../../../../node_modules/@angular/material/fesm2022/table.mjs",
      "file": "@angular_material_table.js",
      "fileHash": "71e3e9b7",
      "needsInterop": false
    },
    "@angular/material/toolbar": {
      "src": "../../../../../../node_modules/@angular/material/fesm2022/toolbar.mjs",
      "file": "@angular_material_toolbar.js",
      "fileHash": "82141b7d",
      "needsInterop": false
    },
    "@angular/platform-browser": {
      "src": "../../../../../../node_modules/@angular/platform-browser/fesm2022/platform-browser.mjs",
      "file": "@angular_platform-browser.js",
      "fileHash": "06cca664",
      "needsInterop": false
    },
    "@angular/router": {
      "src": "../../../../../../node_modules/@angular/router/fesm2022/router.mjs",
      "file": "@angular_router.js",
      "fileHash": "b91dc967",
      "needsInterop": false
    },
    "angular-google-charts": {
      "src": "../../../../../../node_modules/angular-google-charts/fesm2022/angular-google-charts.mjs",
      "file": "angular-google-charts.js",
      "fileHash": "0e0b2ef7",
      "needsInterop": false
    },
    "zone.js": {
      "src": "../../../../../../node_modules/zone.js/fesm2015/zone.js",
      "file": "zone__js.js",
      "fileHash": "81bb6adc",
      "needsInterop": true
    },
    "@angular/forms": {
      "src": "../../../../../../node_modules/@angular/forms/fesm2022/forms.mjs",
      "file": "@angular_forms.js",
      "fileHash": "5bf310cf",
      "needsInterop": false
    }
  },
  "chunks": {
    "chunk-FUH6BTAS": {
      "file": "chunk-FUH6BTAS.js"
    },
    "chunk-GJEXZ2FQ": {
      "file": "chunk-GJEXZ2FQ.js"
    },
    "chunk-OLFRAAJX": {
      "file": "chunk-OLFRAAJX.js"
    },
    "chunk-2MPBPDZG": {
      "file": "chunk-2MPBPDZG.js"
    },
    "chunk-XGQKVAIZ": {
      "file": "chunk-XGQKVAIZ.js"
    },
    "chunk-OBKTBNOY": {
      "file": "chunk-OBKTBNOY.js"
    },
    "chunk-T6Q64UCV": {
      "file": "chunk-T6Q64UCV.js"
    },
    "chunk-GCRI6LVG": {
      "file": "chunk-GCRI6LVG.js"
    },
    "chunk-RGD2AOC5": {
      "file": "chunk-RGD2AOC5.js"
    },
    "chunk-XRIFCLFL": {
      "file": "chunk-XRIFCLFL.js"
    },
    "chunk-FW4XYMFG": {
      "file": "chunk-FW4XYMFG.js"
    },
    "chunk-4JD6Z5WA": {
      "file": "chunk-4JD6Z5WA.js"
    },
    "chunk-2GYA3BPG": {
      "file": "chunk-2GYA3BPG.js"
    },
    "chunk-JQVE7V5K": {
      "file": "chunk-JQVE7V5K.js"
    },
    "chunk-MNDS4BZZ": {
      "file": "chunk-MNDS4BZZ.js"
    },
    "chunk-HPVQLWWK": {
      "file": "chunk-HPVQLWWK.js"
    },
    "chunk-UPOJVYAT": {
      "file": "chunk-UPOJVYAT.js"
    },
    "chunk-TJFVSI2U": {
      "file": "chunk-TJFVSI2U.js"
    }
  }
}